amino_acid	templates
DEWGPCTDPMIYFNNAAHV	6
KTHPCLFCYRDTSRTNRMK	1
RHNQRAKIPCWPERDWDLY	2
PLHTSCKVHRHNS	2
ISQFTGVWQD	3
RLKWCEPMQPHSTYK	7
DRPKYQLHWLL	6
DKFPDTQFNMSMF	3
NEPWVHVQVAWFEYEI	1
IWWSRAFTLEWFWK	1
KYEAVQSQLPKY	5
QNKAMGAQMFSWGA	2
LWYTAHLPNPD	9
CPDMDMCTISM	8
EEVPEKEADQAYIITN	2
LPSGCFSGYCNQ	9
KDDRSSMTRMSLHWHC	5
NVMNWKGRDAQTPWSMTE	1
SWQQPNEHDKLPKMVLVT	2
GGLGSDHALS	2
NYAQDWLIWG	7
AICLYWISKATD	8
YWCPPESSAEYRLFMWHWE	3
LNMPLTCLWLETCQL	2
KPYNGMVENY	5
IYITMSFGMAWYPAHMMY	5
TRWCVYPYHGVKRYNDGSD	3
ENSWFKLCQPQW	5
ETFSCYTSSAMTTPL	7
MRACDWAPNI	4
ACGVDHFSWWPQA	3
DDYASFFMLPDNPM	5
DWLNVHTWPGNPPLIGST	5
YARPEVKPPTCPHNP	3